{
    "homeCamera": {
        "west": 150.556640625,
        "south": -27.994401411046148,
        "east": 190.634765625,
        "north": -4.214943141390639
    },
    "services": [],
    "catalog": [

    ]
}
